Platform,URL
GitHub,https://github.com/$U$
Twitter,https://twitter.com/$U$
LinkedIn,https://linkedin.com/in/$U$
Instagram,https://instagram.com/$U$
Facebook,https://facebook.com/$U$
TikTok,https://tiktok.com/@$U$
YouTube,https://youtube.com/@$U$
Reddit,https://reddit.com/user/$U$
Pinterest,https://pinterest.com/$U$
Twitch,https://twitch.tv/$U$
Medium,https://medium.com/@$U$
Dev.to,https://dev.to/$U$
Behance,https://behance.net/$U$
Dribbble,https://dribbble.com/$U$
Flickr,https://flickr.com/people/$U$
Tumblr,https://$U$.tumblr.com
Keybase,https://keybase.io/$U$
Replit,https://replit.com/@$U$
Codepen,https://codepen.io/$U$
StackOverflow,https://stackoverflow.com/users/$U$
